listing,address,field,mls_value,corrected_or_found,how
425072772,"73 Summit Way, San Francisco, CA 94132",Pin,MLS pin 10963 m from parcel,moved to APN 7331-206,"address, APN and ZIP agree; pin did not"
425072772,"73 Summit Way, San Francisco, CA 94132",SF District,SF District 8,SF District 3,SFAR district at the pin
425081242,"3256 16th St #3, San Francisco, CA 94103",Pin vs APN,APN 136-3556 (block 1363),pin 3960 m away,"fields disagree — check the pin, APN and ZIP"
425090053,"1 Crescent Way #1215, San Francisco, CA 94134",Pin vs APN,APN 4991-312 (block 4991),pin 681 m away,"fields disagree — check the pin, APN and ZIP"
41119646,"86 Apollo, San Francisco, CA 94124",Pin vs APN,APN 0075353 (block 0075),pin 7909 m away,"fields disagree — check the pin, APN and ZIP"
82030659,"501 Crescent Way #5407, San Francisco, CA 94134",Pin vs APN,APN 4991-468 (block 4991),pin 736 m away,"fields disagree — check the pin, APN and ZIP"
426094647,"30 Constanso Way, San Francisco, CA 94132",Pin vs APN,APN 2425019 (block 2425),pin 878 m away,"fields disagree — check the pin, APN and ZIP"
426095350,"1776 Green St #201, San Francisco, CA 94123",Pin vs APN,APN 0300-554 (block 0300),pin 1524 m away,"fields disagree — check the pin, APN and ZIP"
426096515,"3135 Folsom St, San Francisco, CA 94110",Pin vs APN,APN 016-5503 (block 0165),pin 5651 m away,"fields disagree — check the pin, APN and ZIP"
82031971,"808 Red Leaf Ct, San Francisco, CA 94134",Pin,MLS pin 10106 m from parcel,moved to APN 6423-025,"address, APN and ZIP agree; pin did not"
82031971,"808 Red Leaf Ct, San Francisco, CA 94134",SF District,SF District 8,SF District 10,SFAR district at the pin
41121865,"1316 Taylor St, San Francisco, CA 94108",Pin,MLS pin 627 m from parcel,moved to APN 0190 -045,"address, APN and ZIP agree; pin did not"
426098567,"185 7th Ave, San Francisco, CA 94118",Pin,MLS pin 5006 m from parcel,moved to APN 1367-020,"address, APN and ZIP agree; pin did not"
426098567,"185 7th Ave, San Francisco, CA 94118",SF District,SF District 9,SF District 1,SFAR district at the pin
426097278,"375 15th Ave, San Francisco, CA 94118",Pin vs APN,APN 062-1447 (block 0621),pin 4916 m away,"fields disagree — check the pin, APN and ZIP"
426098894,"101 Crescent Way #2315, San Francisco, CA 94134",Pin vs APN,APN 4991-392 (block 4991),pin 739 m away,"fields disagree — check the pin, APN and ZIP"
426101864,"1177 California St #506, San Francisco, CA 94108",Pin vs APN,APN 0235179 (block 0235),pin 1516 m away,"fields disagree — check the pin, APN and ZIP"
41123976,"280 Spear . St #2B, San Francisco, CA 94105",Pin,MLS pin 338 m from parcel,moved to APN 3740-051,"address, APN and ZIP agree; pin did not"
41124981,"301 Crescent Ct #3307, San Francisco, CA 94134",Pin vs APN,APN 4991 -517 (block 4991),pin 810 m away,"fields disagree — check the pin, APN and ZIP"
426109130,"1442 Sanchez St, San Francisco, CA 94131",Pin vs APN,APN 009-6591 (block 0096),pin 5963 m away,"fields disagree — check the pin, APN and ZIP"
426109541,"501 Crescent Way #5210, San Francisco, CA 94134",Pin vs APN,APN 4991-445 (block 4991),pin 736 m away,"fields disagree — check the pin, APN and ZIP"
82038353,"101 Crescent Way #2112, San Francisco, CA 94134",Pin vs APN,APN 4991-357 (block 4991),pin 739 m away,"fields disagree — check the pin, APN and ZIP"
426110049,"653 Dolores St, San Francisco, CA 94110",Pin,MLS pin 4727 m from parcel,moved to APN 3598 -173,"address, APN and ZIP agree; pin did not"
426110049,"653 Dolores St, San Francisco, CA 94110",SF District,SF District 8,SF District 5,SFAR district at the pin
41128107,"11 Rebecca Ln, San Francisco, CA 94124",Pin,MLS pin 89 m from parcel,moved to APN 4720-079,"address, APN and ZIP agree; pin did not"
82040101,"401 Crescent Ct #4203, San Francisco, CA 94134",Pin vs APN,APN 4991-562 (block 4991),pin 810 m away,"fields disagree — check the pin, APN and ZIP"
426114752,"3439 Fillmore St, San Francisco, CA 94123",Pin vs APN,APN 0476-020B (block 0476),pin 1297 m away,"fields disagree — check the pin, APN and ZIP"
426112832,"660 10th Ave, San Francisco, CA 94118",Pin,MLS pin 1172 m from parcel,moved to APN 1635-040,"address, APN and ZIP agree; pin did not"
426118857,"253 Friedell St, San Francisco, CA 94124",Pin,MLS pin 9284 m from parcel,moved to APN 4591C-462,"address, APN and ZIP agree; pin did not"
426118857,"253 Friedell St, San Francisco, CA 94124",SF District,SF District 8,SF District 10,SFAR district at the pin
426120826,"1220 Bowdoin St, San Francisco, CA 94134",Pin vs APN,APN 004-6149 (block 0046),pin 9304 m away,"fields disagree — check the pin, APN and ZIP"
426121308,"2619 Laguna St, San Francisco, CA 94123",Pin vs APN,APN 0030-566 (block 0030),pin 1801 m away,"fields disagree — check the pin, APN and ZIP"
426123707,"235 Wilde Ave, San Francisco, CA 94134",Pin vs APN,APN 051-6198 (block 0516),pin 9597 m away,"fields disagree — check the pin, APN and ZIP"
426124741,"1952 15th St, San Francisco, CA 94114",Pin,MLS pin 4001 m from parcel,moved to APN 3544129,"address, APN and ZIP agree; pin did not"
426124741,"1952 15th St, San Francisco, CA 94114",SF District,SF District 8,SF District 5,SFAR district at the pin
426125402,"601 Van Ness Ave #801, San Francisco, CA 94110",Pin vs APN,APN 0762-282 (block 0762),pin 2003 m away,"fields disagree — check the pin, APN and ZIP"
426125898,"66 Parker Ave, San Francisco, CA 94118",Pin,MLS pin 4167 m from parcel,moved to APN 1036053,"address, APN and ZIP agree; pin did not"
426125898,"66 Parker Ave, San Francisco, CA 94118",SF District,SF District 8,SF District 1,SFAR district at the pin
426128550,"410 29th St, San Francisco, CA 94114",Pin vs APN,APN 0096620 (block 0096),pin 6224 m away,"fields disagree — check the pin, APN and ZIP"
426129125,"4754 17th St, San Francisco, CA 94117",Pin,MLS pin 5378 m from parcel,moved to APN 1286054,"address, APN and ZIP agree; pin did not"
426129125,"4754 17th St, San Francisco, CA 94117",SF District,SF District 8,SF District 5,SFAR district at the pin
426130149,"1633 Mcallister St, San Francisco, CA 94115",Pin vs APN,APN 1179086 (block 1179),pin 3587 m away,"fields disagree — check the pin, APN and ZIP"
426127935,"415 Ashbury St, San Francisco, CA 94117",Pin vs APN,APN 056-1224 (block 0561),pin 2619 m away,"fields disagree — check the pin, APN and ZIP"
426131787,"628 Broderick St, San Francisco, CA 94117",Pin vs APN,APN 0151182 (block 0151),pin 3099 m away,"fields disagree — check the pin, APN and ZIP"
82049715,"653 Dolores St, San Francisco, CA 94110",Pin,MLS pin 4727 m from parcel,moved to APN 3598-173,"address, APN and ZIP agree; pin did not"
82049715,"653 Dolores St, San Francisco, CA 94110",SF District,SF District 8,SF District 5,SFAR district at the pin
426137609,"266 Clinton Park, San Francisco, CA 94103",Pin,MLS pin 157 m from parcel,moved to APN 3533-056,"address, APN and ZIP agree; pin did not"
426143569,"51 Beideman St, San Francisco, CA 94115",Pin vs APN,APN 030-1100 (block 0301),pin 1962 m away,"fields disagree — check the pin, APN and ZIP"
426147186,"215 Arkansas St, San Francisco, CA 94107",Pin,MLS pin 296 m from parcel,moved to APN 4004-039,"address, APN and ZIP agree; pin did not"
426149158,"501 Crescent Way #5312, San Francisco, CA 94134",Pin vs APN,APN 4991-460 (block 4991),pin 736 m away,"fields disagree — check the pin, APN and ZIP"
426146144,"2133 Pine St, San Francisco, CA 94115",Pin vs APN,APN 020 0661 (block 0200),pin 3128 m away,"fields disagree — check the pin, APN and ZIP"
426146464,"333 Grant Ave #701, San Francisco, CA 94108",Pin,MLS pin 192 m from parcel,moved to APN 0285-057,"address, APN and ZIP agree; pin did not"
41065505,"401 Crescent Ct #4302, San Francisco, CA 94134",Pin vs APN,APN 4991-574 (block 4991),pin 810 m away,"fields disagree — check the pin, APN and ZIP"
41081902,"401 Crescent Ct #4206, San Francisco, CA 94134",Pin vs APN,APN 4991 -565 (block 4991),pin 810 m away,"fields disagree — check the pin, APN and ZIP"
41087227,"717 Kirkham St, San Francisco, CA 94122",SF District,SF District 2,SF District 8,SFAR district at the pin
41091132,"301 Crescent Ct #3410, San Francisco, CA 94134",Pin vs APN,APN 4991 -538 (block 4991),pin 810 m away,"fields disagree — check the pin, APN and ZIP"
41099833,"805 Red Leaf Ct, San Francisco, CA 94134",Pin,MLS pin 10106 m from parcel,moved to APN 6423 -022,"address, APN and ZIP agree; pin did not"
41110291,"5177 Diamond Heights Blvd #114, San Francisco, CA 94131",SF District,SF District 4,SF District 5,SFAR district at the pin
81989225,"401 Crescent Ct #4301, San Francisco, CA 94134",Pin vs APN,APN 4991-573 (block 4991),pin 810 m away,"fields disagree — check the pin, APN and ZIP"
81991136,"36 Rebecca Ln, San Francisco, CA 94124",Pin,MLS pin 128 m from parcel,moved to APN 4720-112,"address, APN and ZIP agree; pin did not"
81994328,"1 Rebecca Ln, San Francisco, CA 94124",Pin,MLS pin 94 m from parcel,moved to APN 4720-074,"address, APN and ZIP agree; pin did not"
82000754,"301 Crescent Ct #3307, San Francisco, CA 94134",Pin vs APN,APN 4991-517 (block 4991),pin 810 m away,"fields disagree — check the pin, APN and ZIP"
82009452,"1165 Holloway Ave, San Francisco, CA 94132",SF District,SF District 4,SF District 3,SFAR district at the pin
82017945,"17 30th St, San Francisco, CA 94110",SF District,SF District 5,SF District 9,SFAR district at the pin
82019009,"1269 S Van Ness Ave #Unit, San Francisco, CA 94110",SF District,SF District 8,SF District 9,SFAR district at the pin
424028567,"2829 California St #1C, San Francisco, CA 94116",SF District,SF District 7,SF District 6,SFAR district at the pin
424040052,"875 California St #601, San Francisco, CA 94108",Pin vs APN,APN 0235-114 (block 0235),pin 1075 m away,"fields disagree — check the pin, APN and ZIP"
424063841,"301 Crescent Ct #3209, San Francisco, CA 94134",Pin vs APN,APN 4991-501 (block 4991),pin 807 m away,"fields disagree — check the pin, APN and ZIP"
424066057,"454 Day St, San Francisco, CA 94131",Pin vs APN,APN 0166-630 (block 0166),pin 6727 m away,"fields disagree — check the pin, APN and ZIP"
424070794,"1325 Church St #A, San Francisco, CA 94114",Pin vs APN,APN 0266-550 (block 0266),pin 5282 m away,"fields disagree — check the pin, APN and ZIP"
424073799,"3437 Fillmore St, San Francisco, CA 94123",Pin vs APN,APN 0476-020B (block 0476),pin 1283 m away,"fields disagree — check the pin, APN and ZIP"
424074016,"3044 California St, San Francisco, CA 94115",Pin vs APN,APN 0151-023 (block 0151),pin 2717 m away,"fields disagree — check the pin, APN and ZIP"
424075554,"127 Mendosa Ave, San Francisco, CA 94116",SF District,SF District 4,SF District 2,SFAR district at the pin
424075831,"3439 Fillmore St, San Francisco, CA 94123",Pin vs APN,APN 0476-020B (block 0476),pin 1297 m away,"fields disagree — check the pin, APN and ZIP"
424078468,"436 Capp St, San Francisco, CA 94110",Pin,MLS pin 459 m from parcel,moved to APN 3595-037,"address, APN and ZIP agree; pin did not"
424079977,"30 Quickstep Ln #6, San Francisco, CA 94115",Pin vs APN,APN 1020-723C (block 1020),pin 1899 m away,"fields disagree — check the pin, APN and ZIP"
424083466,"486 NW yale St, San Francisco, CA 94134",Pin,MLS pin 481 m from parcel,moved to APN 6035-010,"address, APN and ZIP agree; pin did not"
424103172,"340 Yerba Buena Ave, San Francisco, CA 94127",Pin vs APN,APN 2044-003 (block 2044),pin 2343 m away,"fields disagree — check the pin, APN and ZIP"
424103795,"1826 Eddy St #101, San Francisco, CA 94115",Pin vs APN,APN 0541-127 (block 0541),pin 1820 m away,"fields disagree — check the pin, APN and ZIP"
425000151,"301 Crescent Ct #3411, San Francisco, CA 94134",Pin vs APN,APN 4991-539 (block 4991),pin 807 m away,"fields disagree — check the pin, APN and ZIP"
425000892,"175 Bluxome St #213, San Francisco, CA 94107",Pin vs APN,APN 0763-785 (block 0763),pin 1943 m away,"fields disagree — check the pin, APN and ZIP"
425003024,"1336 Eddy St, San Francisco, CA 94115",Pin vs APN,APN 0150-733 (block 0150),pin 2175 m away,"fields disagree — check the pin, APN and ZIP"
425004006,"2307 9th Ave, San Francisco, CA 94116",SF District,SF District 4,SF District 2,SFAR district at the pin
425005022,"1817 California St #2C, San Francisco, CA 94109",SF District,SF District 7,SF District 6,SFAR district at the pin
425005069,"88 Summit Way, San Francisco, CA 94132",Pin,MLS pin 10963 m from parcel,moved to APN 7331-144,"address, APN and ZIP agree; pin did not"
425006172,"1831 Fulton St, San Francisco, CA 94117",SF District,SF District 1,SF District 6,SFAR district at the pin
425006193,"2685 California St, San Francisco, CA 94115",SF District,SF District 7,SF District 6,SFAR district at the pin
425006334,"2871 Clay St, San Francisco, CA 94115",Pin vs APN,APN 0831-003 (block 0831),pin 2077 m away,"fields disagree — check the pin, APN and ZIP"
425007143,"101 Crescent Way #2105, San Francisco, CA 94134",Pin vs APN,APN 4991-350 (block 4991),pin 739 m away,"fields disagree — check the pin, APN and ZIP"
425007243,"3569 17th St, San Francisco, CA 94110",Pin vs APN,APN 1863-578 (block 1863),pin 4410 m away,"fields disagree — check the pin, APN and ZIP"
425007322,"152 Carnelian Way, San Francisco, CA 94131",SF District,SF District 4,SF District 5,SFAR district at the pin
425010143,"2135 California St #8, San Francisco, CA 94115",SF District,SF District 7,SF District 6,SFAR district at the pin
425010403,"105 San Jose Ave, San Francisco, CA 94110",SF District,SF District 5,SF District 9,SFAR district at the pin
425010631,"37 Ashbury Ter, San Francisco, CA 94117",Pin,MLS pin 1146 m from parcel,moved to APN 2617-004,"address, APN and ZIP agree; pin did not"
425010898,"350 Broderick St #214, San Francisco, CA 94117",SF District,SF District 6,SF District 5,SFAR district at the pin
425013421,"586 Valley St, San Francisco, CA 94109",Pin vs APN,APN 6613-023 (block 6613),pin 386 m away,"fields disagree — check the pin, APN and ZIP"
425017125,"1776 Green St #302, San Francisco, CA 94123",Pin vs APN,APN 0320-544 (block 0320),pin 1623 m away,"fields disagree — check the pin, APN and ZIP"
425017189,"212 Avila St, San Francisco, CA 94123",Pin vs APN,APN 0160-441B (block 0160),pin 2803 m away,"fields disagree — check the pin, APN and ZIP"
425017538,"875 California St #702, San Francisco, CA 94108",Pin vs APN,APN 0235-122 (block 0235),pin 1075 m away,"fields disagree — check the pin, APN and ZIP"
425018393,"430 noriega St, San Francisco, CA 94122",Pin vs APN,APN 0472-038A (block 0472),pin 6334 m away,"fields disagree — check the pin, APN and ZIP"
425019998,"2250 Mason St, San Francisco, CA 94133",Pin vs APN,APN 0210-052 (block 0210),pin 1204 m away,"fields disagree — check the pin, APN and ZIP"
425020673,"1539 29th Ave, San Francisco, CA 94122",Pin vs APN,APN 0071-875 (block 0071),pin 7714 m away,"fields disagree — check the pin, APN and ZIP"
425021227,"55 Ora Way #B301, San Francisco, CA 94131",Pin,MLS pin 289 m from parcel,moved to APN 7537-115,"address, APN and ZIP agree; pin did not"
425021227,"55 Ora Way #B301, San Francisco, CA 94131",SF District,SF District 4,SF District 5,SFAR district at the pin
425022174,"1935 California St, San Francisco, CA 94109",SF District,SF District 7,SF District 6,SFAR district at the pin
425023153,"1928 Taylor St, San Francisco, CA 94133",Pin vs APN,APN 1000-089 (block 1000),pin 2815 m away,"fields disagree — check the pin, APN and ZIP"
425025120,"340 Lombard St, San Francisco, CA 94133",Pin vs APN,APN 0250-061 (block 0250),pin 1762 m away,"fields disagree — check the pin, APN and ZIP"
425026184,"1839 18th Ave, San Francisco, CA 94122",Pin vs APN,APN 0082-055 (block 0082),pin 8525 m away,"fields disagree — check the pin, APN and ZIP"
425028448,"1496 Portola Dr, San Francisco, CA 94127",Pin,MLS pin 989 m from parcel,moved to APN 2989-016,"address, APN and ZIP agree; pin did not"
425030679,"2826 Octavia St, San Francisco, CA 94123",Pin,MLS pin 1551 m from parcel,moved to APN 094-0529,"address, APN and ZIP agree; pin did not"
425032764,"350 Broderick St #300, San Francisco, CA 94117",SF District,SF District 6,SF District 5,SFAR district at the pin
425033757,"3091 California St #1, San Francisco, CA 94115",SF District,SF District 7,SF District 6,SFAR district at the pin
425034888,"2315 9th Ave, San Francisco, CA 94116",SF District,SF District 4,SF District 2,SFAR district at the pin
425035190,"3091 California St #2, San Francisco, CA 94115",SF District,SF District 7,SF District 6,SFAR district at the pin
425035553,"3091 California St #3, San Francisco, CA 94115",SF District,SF District 7,SF District 6,SFAR district at the pin
425038648,"350 Broderick St #403, San Francisco, CA 94117",SF District,SF District 6,SF District 5,SFAR district at the pin
425041084,"338 Mangels Ave, San Francisco, CA 94127",SF District,SF District 4,SF District 5,SFAR district at the pin
425045033,"165 Summit Way, San Francisco, CA 94132",Pin,MLS pin 1939 m from parcel,moved to APN 7331-231,"address, APN and ZIP agree; pin did not"
425049246,"1285 Holloway Ave, San Francisco, CA 94132",SF District,SF District 4,SF District 3,SFAR district at the pin
425049261,"1483 Guerrero St, San Francisco, CA 94110",SF District,SF District 5,SF District 9,SFAR district at the pin
425055131,"2100 Green St #706, San Francisco, CA 94123",Pin vs APN,APN 0200540C (block 0200),pin 3191 m away,"fields disagree — check the pin, APN and ZIP"
425059505,"1538 7th Ave, San Francisco, CA 94122",SF District,SF District 2,SF District 4,SFAR district at the pin
425060867,"1483 Sutter St #301, San Francisco, CA 94109",Pin vs APN,APN 1689033 (block 1689),pin 7495 m away,"fields disagree — check the pin, APN and ZIP"
425063756,"2344 Franklin St, San Francisco, CA 94123",Pin,MLS pin 1293 m from parcel,moved to APN 0570-044,"address, APN and ZIP agree; pin did not"
425065423,"39 High St, San Francisco, CA 94114",Pin,MLS pin 6383 m from parcel,moved to APN 2849073,"address, APN and ZIP agree; pin did not"
425067736,"1263 Holloway Ave, San Francisco, CA 94132",SF District,SF District 4,SF District 3,SFAR district at the pin
425068777,"2347 12th Ave, San Francisco, CA 94116",SF District,SF District 4,SF District 2,SFAR district at the pin
425070236,"121 Diamond Cove Ter, San Francisco, CA 94134",Pin vs APN,APN 4991741 (block 4991),pin 268 m away,"fields disagree — check the pin, APN and ZIP"
425070385,"211 Acadia St, San Francisco, CA 94131",SF District,SF District 5,SF District 4,SFAR district at the pin
425070698,"630 Leavenworth St #Grdn, San Francisco, CA 94109",Pin vs APN,APN 0130-304 (block 0130),pin 1390 m away,"fields disagree — check the pin, APN and ZIP"
425071205,"150 Glenbrook Ave, San Francisco, CA 94114",Pin vs APN,APN 0022-722 (block 0022),pin 6288 m away,"fields disagree — check the pin, APN and ZIP"
425072012,"1463 18th Ave, San Francisco, CA 94122",Pin vs APN,APN 012-1385 (block 0121),pin 6760 m away,"fields disagree — check the pin, APN and ZIP"
425073092,"1421 17th Ave, San Francisco, CA 94122",Pin,MLS pin 7179 m from parcel,moved to APN 1836048,"address, APN and ZIP agree; pin did not"
425073765,"2215 California St, San Francisco, CA 94115",SF District,SF District 7,SF District 6,SFAR district at the pin
425075780,"340 San Jose Ave, San Francisco, CA 94110",Pin vs APN,APN 060-6532 (block 0606),pin 4843 m away,"fields disagree — check the pin, APN and ZIP"
425075956,"223 Divisadero St, San Francisco, CA 94117",Pin,MLS pin 2205 m from parcel,moved to APN 1240-004,"address, APN and ZIP agree; pin did not"
425079681,"2 Fallon Pl #28, San Francisco, CA 94133",Pin vs APN,APN 1490418 (block 1490),pin 8472 m away,"fields disagree — check the pin, APN and ZIP"
425080459,"2829 California St #2C, San Francisco, CA 94115",SF District,SF District 7,SF District 6,SFAR district at the pin
425017227,"300 Beale St #301, San Francisco, CA 94123",ZIP,94123,94105,3 of 3 other sales on the block use 94105
425078666,"850 Powell St #202, San Francisco, CA 94115",ZIP,94115,94108,5 of 5 other sales on the block use 94108
425086329,"1234 Francisco St #6, San Francisco, CA 94109",ZIP,94109,94123,8 of 9 other sales on the block use 94123
425091387,"18-22 Sanchez St #20A, San Francisco, CA 94118",ZIP,94118,94114,4 of 4 other sales on the block use 94114
426095545,"1180 Dolores St, San Francisco, CA 94110",ZIP,94110,94114,4 of 4 other sales on the block use 94114
426095811,"2243 43rd Ave, San Francisco, CA 94122",ZIP,94122,94116,3 of 3 other sales on the block use 94116
426094285,"2415 Van Ness Ave #602, San Francisco, CA 94109",ZIP,94109,94123,9 of 10 other sales on the block use 94123
426100147,"795 Sutter St #403, San Francisco, CA 94019",ZIP,94019,94109,not an SF ZIP; 5 other sale(s) on the block use 94109
426101466,"2009 14th Ave, San Francisco, CA 94110",ZIP,94110,94116,5 of 5 other sales on the block use 94116
426105516,"15 Red Rock Way #202N, San Francisco, CA 94109",ZIP,94109,94131,20 of 20 other sales on the block use 94131
426108902,"2315 Divisadero St #M, San Francisco, CA 94116",ZIP,94116,94115,7 of 7 other sales on the block use 94115
426108101,"1818 Broadway St #206, San Francisco, CA 94109",ZIP,94109,94123,5 of 6 other sales on the block use 94123
426107885,"323 29th St #C401, San Francisco, CA 94114",ZIP,94114,94131,5 of 5 other sales on the block use 94131
426115134,"1819 8th Ave, San Francisco, CA 94109",ZIP,94109,94122,3 of 3 other sales on the block use 94122
426116415,"18 Lansing St #302, San Francisco, CA 94117",ZIP,94117,94105,22 of 22 other sales on the block use 94105
426117739,"198 Dolores St #6, San Francisco, CA 94103",ZIP,94103,94114,11 of 13 other sales on the block use 94114
426119527,"1634 York St, San Francisco, CA 94123",ZIP,94123,94110,3 of 3 other sales on the block use 94110
426122092,"482 Orizaba Ave, San Francisco, CA 94132",ZIP,94132,94112,5 of 5 other sales on the block use 94112
426125339,"281 Clara St #6, San Francisco, CA 94114",ZIP,94114,94107,27 of 27 other sales on the block use 94107
426124381,"239 Brannan St #18J, San Francisco, CA 94109",ZIP,94109,94107,32 of 32 other sales on the block use 94107
426125609,"60 Danvers St, San Francisco, CA 94109",ZIP,94109,94114,3 of 3 other sales on the block use 94114
426127695,"263 Carl St, San Francisco, CA 9117",ZIP,9117,94117,not an SF ZIP; 1 other sale(s) on the block use 94117
426127903,"715 Corbett Ave, San Francisco, CA 94118",ZIP,94118,94131,3 of 3 other sales on the block use 94131
426125598,"1300 22nd St #110, San Francisco, CA 94109",ZIP,94109,94107,13 of 13 other sales on the block use 94107
426125573,"4524 25th St, San Francisco, CA 9411",ZIP,9411,94114,not an SF ZIP; 4 other sale(s) on the block use 94114
426129328,"461 2nd St #109C, San Francisco, CA 94105",ZIP,94105,94107,10 of 10 other sales on the block use 94107
426127908,"1201 California St #206, San Francisco, CA 94131",ZIP,94131,94109,9 of 9 other sales on the block use 94109
426124266,"2751 15th Ave, San Francisco, CA 94127",ZIP,94127,94132,10 of 10 other sales on the block use 94132
426133585,"1909 Eddy St #2, San Francisco, CA 94117",ZIP,94117,94115,5 of 5 other sales on the block use 94115
426120557,"736 Dolores St, San Francisco, CA 94110",ZIP,94110,94114,4 of 4 other sales on the block use 94114
426135848,"126 Randolph St, San Francisco, CA 94112",ZIP,94112,94132,3 of 3 other sales on the block use 94132
426138337,"170 King St #711, San Francisco, CA 94010",ZIP,94010,94107,not an SF ZIP; 21 other sale(s) on the block use 94107
426143113,"3258 Market St #4, San Francisco, CA 94131",ZIP,94131,94114,3 of 3 other sales on the block use 94114
41141923,"913 France Ave, San Francisco, CA 94122",ZIP,94122,94112,3 of 3 other sales on the block use 94112
426148470,"1818 Broadway St #201, San Francisco, CA 94109",ZIP,94109,94123,5 of 6 other sales on the block use 94123
426153529,"180 Dolores St #3, San Francisco, CA 94103",ZIP,94103,94114,11 of 13 other sales on the block use 94114
426159503,"1400 Jones St #A, San Francisco, CA 94109",ZIP,94109,94108,5 of 5 other sales on the block use 94108
81978435,"1235 Mcallister St #224, San Francisco, CA 94115",ZIP,94115,94117,3 of 3 other sales on the block use 94117
82009757,"200 Dolores St #6, San Francisco, CA 94103",ZIP,94103,94114,9 of 9 other sales on the block use 94114
82018230,"500 Masonic Ave #5, San Francisco, CA 94117",ZIP,94117,94118,8 of 9 other sales on the block use 94118
423918411,"1049 Clay St, San Francisco, CA 94109",ZIP,94109,94108,3 of 3 other sales on the block use 94108
424028567,"2829 California St #1C, San Francisco, CA 94116",ZIP,94116,94115,3 of 3 other sales on the block use 94115
424082339,"1177 California St #1702, San Francisco, CA 94109",ZIP,94109,94108,13 of 13 other sales on the block use 94108
424084345,"795 Sutter St #403, San Francisco, CA 94019",ZIP,94019,94109,not an SF ZIP; 5 other sale(s) on the block use 94109
424084508,"1466 Revere Ave, San Francisco, CA 94121",ZIP,94121,94124,3 of 3 other sales on the block use 94124
425005906,"188 Minna St #22C, San Francisco, CA 3722",ZIP,3722,94105,not an SF ZIP; 14 other sale(s) on the block use 94105
425011078,"2133 Vallejo St, San Francisco, CA 94123",ZIP,94123,94115,4 of 5 other sales on the block use 94115
425015178,"1601 Pacific Ave #206, San Francisco, CA 94019",ZIP,94019,94109,not an SF ZIP; 15 other sale(s) on the block use 94109
425016068,"374 Valley St, San Francisco, CA 94110",ZIP,94110,94131,4 of 4 other sales on the block use 94131
425020903,"1336 Chestnut St, San Francisco, CA 94109",ZIP,94109,94123,8 of 8 other sales on the block use 94123
425024625,"1388 Gough St #1102, San Francisco, CA 94108",ZIP,94108,94109,6 of 6 other sales on the block use 94109
425026073,"720 26th Ave, San Francisco, CA 9412",ZIP,9412,94121,not an SF ZIP; ZIP map at the pin
425026852,"166 Dolores St, San Francisco, CA 94103",ZIP,94103,94114,11 of 13 other sales on the block use 94114
425028084,"735 Le Conte Ave, San Francisco, CA 94134",ZIP,94134,94124,4 of 4 other sales on the block use 94124
425033051,"2033 Leavenworth St #D, San Francisco, CA 94133",ZIP,94133,94109,7 of 7 other sales on the block use 94109
425033921,"3011 van ness Ave, San Francisco, CA 94109",ZIP,94109,94123,8 of 9 other sales on the block use 94123
425033949,"2090 Pacific Ave #501, San Francisco, CA 94115",ZIP,94115,94109,5 of 5 other sales on the block use 94109
425041535,"2111 Vallejo St, San Francisco, CA 94123",ZIP,94123,94115,4 of 5 other sales on the block use 94115
425048374,"3294 Clay St #6, San Francisco, CA 94123",ZIP,94123,94115,4 of 4 other sales on the block use 94115
425060124,"1940 Vallejo St #3, San Francisco, CA 94115",ZIP,94115,94123,6 of 6 other sales on the block use 94123
425060294,"2415 Van Ness Ave #504, San Francisco, CA 94109",ZIP,94109,94123,9 of 10 other sales on the block use 94123
425065727,"2841 Larkin St, San Francisco, CA 94019",ZIP,94019,94109,not an SF ZIP; 1 other sale(s) on the block use 94109
425066227,"1000 3rd St #413, San Francisco, CA 94105",ZIP,94105,94158,71 of 71 other sales on the block use 94158
425067329,"88 Webster St, San Francisco, CA 94117",ZIP,94117,94102,5 of 5 other sales on the block use 94102
425067372,"427 16th Ave, San Francisco, CA 94118",ZIP,94118,94121,3 of 3 other sales on the block use 94121
425069107,"4390 26th St, San Francisco, CA 94131",ZIP,94131,94114,3 of 3 other sales on the block use 94114
425070019,"436-A Laurel St, San Francisco, CA 94115",ZIP,94115,94118,3 of 3 other sales on the block use 94118
425071312,"500 Masonic Ave #8, San Francisco, CA 94117",ZIP,94117,94118,8 of 9 other sales on the block use 94118
425078297,"4454 23rd St #2, San Francisco, CA 9411",ZIP,9411,94114,not an SF ZIP; 1 other sale(s) on the block use 94114
425078443,"2005 17th St, San Francisco, CA 94103",ZIP,94103,94107,6 of 6 other sales on the block use 94107
425082558,"201 Detroit St, San Francisco, CA 94131",ZIP,94131,94112,6 of 6 other sales on the block use 94112
425087998,"2625 Ortega St, San Francisco, CA 94122",ZIP,94122,94116,3 of 3 other sales on the block use 94116
425091872,"1200 california St #8A, San Francisco, CA 94123",ZIP,94123,94109,9 of 9 other sales on the block use 94109
